[[],{"title":"It's my life","LastUpdate":"Mon, 20 Sep 2021 10:08:14 PM","hero":"upload\/86148915a42f2b.jpeg","isi":"Now i can using method scraping with nodejs, manipulation JSON with PHP etc.\r\n\r\nAlhamdulillah ... \ud83d\ude06\r\nI'm so happy now !"},{"title":"My Anime List","LastUpdate":"Tue, 21 Sep 2021 02:14:56 PM","hero":"upload\/8614897248acc2.jpeg","isi":"My anime list\r\n\r\n Kapan Rilis ???\r\n1. High school DxD season 5 (April 2021)\r\n2. To love ru season 5 \r\n3. Berharap darling in the franxx dapet S2 :v\r\n4. One punch man S3 (2021)\r\n5 Rasio x vampire s3 ??\r\n6. Isekai with my smartphone S2 (blom tau)\r\n7. Kanojo okarimasu S2\r\n8. Oregairu S4 ?\r\n9. \r\n10. Kaguya sama love is war S3 (moga aja ada)\r\n11. Sword art online : Progressive (2021) \r\n12.  Owari no Seraph S3 ???\r\n13.  Arifureta S2 ? (2021)\r\n14. Mushoku tensei S2 (fall 2021?)\r\n15. Tate no yusha S2 (Oktober 2021)\r\n\r\nAnime Favorit : \r\n1. Kimi no nawa \r\n2. Tonikaku kawaii\r\n3. Sword art online series\r\n4. 3D kanojo real girl\r\n5. High scholl DxD <(')\r\n6. Naruto\r\n\r\n|---------------------------------------------------------------------------------|\r\nAnime yg udah gue liat :                                                                           \ud83e\udd29\ud83d\ude0a\r\n\r\n1. High scholl DxD S1 - S4 [wait S5\r\n2. To Love ru S1 - S4 [wait S5\r\n3. darling in the franxx [sad ending \ud83d\ude2d\r\n4. 3D Kanojo Real Girl S1 - S2 [married ending\r\n5. Naruto shippuden 1 - 500 (completed)\r\n6. Naruto the movie 1 - 7  [married ending\r\n7. Boruto #215\r\n8. Boruto the movie 1 [Completed\r\n9. Oregairu S1 - S2 [completed\r\n10. Re : zero kara S1 #25 [completed\r\n11. Re : zero kara S2 part 1 #13 [completed\r\n12. Boku Tachi wa Benkyo S1 - S2 [completed\r\n13. Rasio X vampire S1 - S2 [completed\r\n14. Domestic kanojo [end ?\r\n15. Noragami S1 #0\r\n16. One piece [ on going \r\n17. One punch man S1 - S2 [wait S3\r\n18. Akenairo S1-S2 [end Cinta Saudara)\r\n19. Clannad before story (S1)\r\n20. Clannad after Story (happy ending)\r\n21. Gotoubun no hanayome S1 (Yatsoba win?)\r\n22. Kimi no nawa | \u541b\u306e\u540d\u306f\r\n23. Boku no Pico (Ez Cream :v)\r\n24. Kimi no iru machi (married ending) \r\n25. Oregairu S3 (Yukinoshita yukino win) \r\n26. Kanojo okarimasu S1 (completed) \r\n27. Infinite stratos S1 (completed)\r\n28. Tenki no ko (happy ending)\r\n29. Kiss x sis S1 - S2 (Completed)\r\n30. Mangaka-san with assistant (completed?)\r\n31. Ero manga sensei (completed)\r\n32. Isekai with my smartphone S1 (completed)\r\n33. Strike the blood S1 (completed)\r\n34. Strike the blood S2 (completed)\r\n35. Saenai heroine no sodatekata \/ saekano S1 (completed)\r\n36. Saenai heroine no sodatekata \/ saekano S2 (completed)\r\n37. Saenai heroine no sodatekata fine \/ movie (megumi win)\r\n38. Infinite stratos S2 (completed)\r\n39. Sword art online (completed)\r\n38. Sword art online S2 (completed)\r\n39. Kaguya sama wa kokurusetai S1 (completed)\r\n40. Chuunibyo demo koi ga shitai S1 (completed) \r\n41. Chuunibyo demo koi ga shitai S2 (completed)\r\n41. Chuunibyo demo koi ga shitai  OVA (completed) \r\n41. Sword art online : Alicization (completed) \r\n42. Sword art online : Alicization War Underworld\r\n43. Kaguya sama wa kokurusetai S2 (completed)\r\n44. Tonikaku kawaii (completed)\r\n45. Byousoku 5 centimeter (end gak iso ketemuan anjim)\r\n46. Kotohana no niwa \/ the garden of words (happy ending)\r\n47. Kimi to boku no saigo #12 (completed)\r\n48. Masamune kun (gantung & gak jelas anjink)\r\n49. Oreimo S1 (completed)\r\n50. Oreimo S2 (nikah Ama adiknya donk)\r\n51. Ikebukoro west gate park #12 (damai ending)\r\n52. Itsudatte Bokura wa koi wa 10 cm datta (happy end)\r\n53. Zutto Mae kara Suki deshita (versi movie Itsudatte)\r\n54. Seishun buta yorou wa bunny (completed)\r\n55. Hotarubi no mori e | \u86cd\u706b\u306e\u675c\u3078\r\n56. Koe No Katachi A Silent Voice (Happy ending)\r\n57. Blend S (completed)\r\n58. hyaku man \/ 100 man #12 (completed)\r\n59. Seishun Buta Yarou wa Yumemiru \/ movie (end?)\r\n60. Kimetsu no yaiba S1 (completed)\r\n61. Sword art online movie : cardinal scale \r\n62. Kami Sama Ni Natta Hi #12 (Happy Ending)\r\n63. Chuunibyo demo koi ga shitai Movie | Take on me (end?)\r\n64. Tada-Kun wa koi wo shina (happy ending)\r\n65. Kawaikereba hentai demo Suki ni natte karemasu ka? \/ Hensuki  #12 (Adek nya Cinderella)\r\n66. Tokyo ghoul S1 (completed)\r\n67. Tokyo ghoul S2 #12 (completed)\r\n68. Higurashi ni nako koro ni | 2020  #9\r\n69. Re Life (end)\r\n70. Sakurasou no pet na kanojo (:v)\r\n71. Another world | Hello world \r\n72. Osake fufu (end)\r\n73. Shingeki no Kyojin S1 (completed)\r\n74. Sengoku Basara S1 (completed)\r\n75. Hyouka #22 + ova 1 (completed)\r\n76. Shingeki no Kyojin S2 (completed)\r\n77. Kono subarashi S1 (completed)\r\n78. Sengoku Basara S2 (#1)\r\n79. Nakitai watashi wa neko wo kaburu | A wiskay away\r\n80. Wotaku ni koi wa muzakashi (completed)\r\n81. Kono subarashi S2 (completed)\r\n82. Shigatsu wa Kimi no uso (nangis njir)\r\n83. Happy sugar life #.         \u221a\u221a\r\n84. Overflow (Harem :v)\r\n85. Majo no tabi-tabi #12 (completed)\r\n86. Kono subarashi movie \r\n87. Kimi no suizou wo tabetai\r\n89. Anohana the flower we Saw that day the movie\r\n90. Uchiage Hanabi Shita kara Miru ka Yoko kara Miru ka? (Paham?)\r\n91. Munou Nanana #13 (Michiru Chan mati)\r\n92. Akame ga kill #24 (completed)\r\n93. Another (completed)\r\n94. No game no life #5\r\n95. Ansatsu kyoshitsu #10\r\n96. Hotaru no Haka (sad bet asw :v)\r\n97. Nisekoi #20 (completed)\r\n98. Shokugeki no Souma S1 + ova 1-2 (completed)\r\n99. Kamitachi ni hirowareta no otoko #4\r\n100. Shingeki no Kyojin S3 #22 (completed)\r\n101. Violet evergarden #\r\n102. Shingeki no Kyojin | final season #10 (on going)\r\n103. Ashita Sekai ga Owaru toshitemo (happy end}\r\n104. Date a live S1 #13 + ova 1 (completed)\r\n105. Tsuki ga kirei #12 + ova (Happy end)\r\n106. Zankyou no teror #11 (5, 9 ,12 mati)\r\n107. Date a live S2 #10 (completed)\r\n108. Date a live Mayuri Judgement (completed)\r\n109. Tsurezure children #5 (bosen + gak jelas) :v\r\n110. Shokugeki no Souma S2 #12 (completed)\r\n111. That time i got reincarnated as a slime S1\r\n112.  Shokugeki no Souma S3 part 1 #12 \r\n113. Death Note #37 (End Yagami light kalah)\r\n114. Shokugeki no Souma S3 part 2 #24\r\n115. Aho Girl #12 (completed)\r\n116. Oreshura #13 (lanjut LN)\r\n117. Shokugeki no Souma S4 #12 (completed)\r\n118. Goblin slayer #2\/3\r\n119. Joshi kousei no mudazukai #12 (completed)\r\n120. Yakusoku No NeverLand S1 #12 (completed)\r\n121. Shokugeki no Souma S5 #13 (Erina Win Blue)\r\n122. Yuru camp \u2206 S1 #12  (completed)\r\n123. Hinamatsuri #12 (completed)\r\n124. Sakamoto desu ga #12 (completed)\r\n125. Gekka shoujo nozaki-kun #12 (completed)\r\n126. Gekka shoujo nozaki-kun | spesial #.   ~\r\n127. Fugou Keiji | unlimited #11 (completed)\r\n128. Seitokai yakuindomo #2 ~~\r\n129. Re : Zero kara | Snow Memory 1 (completed)\r\n130. Re : Zero kara | Hyouketsu no Kizuna 2\r\n131. Plastic memories #13 End (Isla ganti OS )\r\n132. Kuzu no honkai #12 (completed)\r\n133. Yakusoku No NeverLand S2 #8\r\n134. Re : Zero kara S2 part 2 #25 (completed)\r\n135. Uru Sekai #2 (completed)\r\n136. Tatoeba Last dungeon #2.  (On going)\r\n137. Yuru camp \u2206 S2 #10\r\n138. Gotoubun No Hanayome S2 #12 (completed)\r\n139. Ao Haru Ride #12 (completed)\r\n140. Horimiya #13 (end)\r\n141. Kaifuku jutsushi no yarinoashi #12 (completed)\r\n142. Wonder Egg #1 (on going)\r\n143. Kemono jihen #8\r\n144. Yakusoku No NeverLand S2 #11 (end)\r\n145. Mushoku tensei #11 (completed)\r\n146. Saiki kusou S1 #11 ~wes mari\r\n147. Boku no Hero Akademia S1 (completed)\r\n148. That time i got reincarnated as a slime S2 #12\r\n149. Ore wo Suki Nano wa omae dake ka Yo? #12 \r\n150. Ore wo Suki Nano # ova (Pansy menang ?)\r\n151. Boku no Hero Akademia S2 #25 (completed)\r\n152. Dr. Stone S1 #24  (completed)\r\n153. Dr. Stone : stone war #12 (completed)\r\n154. Amagi Briliant Park #4\r\n155. Gamers #12 (completed)\r\n156. Boku no Hero Akademia S3 #25 (completed)\r\n157. Jujutsu kaisen #9\r\n158. Hataraku saibo S1 #13 (completed)\r\n159. Jaku Chara tomozaki Kun #3 (on going)\r\n160. Shinchou Yuusha #12 (seiya urip neh)\r\n161. Mikakunin de Shinkoukei #12 (completed)\r\n162. Arifureta isekai #13 (completed)\r\n163. Yosuga No Sora #12 (ngentot ama semuanya)\r\n164. Nejimeki Seirei Senki #13 (completed)\r\n165. Tonikaku kawaii ova #1\r\n167. Wotaku ni Koi wa Muzukashi OVA #2\r\n168. Owari no Seraph S1 #12 (completed)\r\n169. Owari no Seraph S2 #12 (yu dadi malaikat + keluarga e metu teko pasukan pemusnah vampire)\r\n170. Nisekoi S2 #13 (completed)\r\n171. Nisekoi ova #4 (completed)\r\n172. Ore dake haireru kakushi dungeon #12\r\n173. Boku No Hero | Futari No Hero \r\n174. Boku No Hero S4 #25 (completed)\r\n175. Boku no Hero | Hero Rising\r\n176. Boku no Hero S4 ONA\r\n178. Rokudenashi #12 (completed)\r\n179. Monster Musume #3\r\n180. Hataraku saibo black #5\r\n181. Ookami Kodomo No ame to yuki\r\n182. Ijiranaide nagatoro #1\r\n183. Boku no Hero S5 #13\r\n184. Hige wo suru #12 (completed)\r\n185. Tokyo Revengers #9\r\n186. Renai boukun #12 (completed)\r\n187. Super cup #4 (middle video)\r\n188. Sayonara watashi no creamer #1\r\n189. Tete No Yusha #25 (completed)\r\n190. Gintama #2\r\n191. Osamake romance comedy #2\r\n192. Tate no Yusha #25 (completed)\r\n193. Black clover #170 (completed)\r\n194. Araburu kisetsu #6\r\n195. Overlord S1 #13 (completed)\r\n196. Tokyo revenger #\r\n197. Tantei wa mou sindeiru #4 \r\n198. Kanojo mo kanojo #11\r\n199. That time i got reincarnated as a slime S2 @1\r\n200. Welcome to demon school iruma Kun #20\r\n201. Bokutachi no remake #11\r\n202.  Classroom of the elite #12 (completed)\r\n203. That time i got reincarnated S2 @2 #10\r\n15, 83"}]